feature,importance
turretTakedowns,0.24752756572023746
goldEarned,0.1301726274843537
totalDamageDealtToChampions,0.093944990244582
totalMinionsKilled,0.08100847339464509
kills,0.0743154715544926
visionScore,0.06245748200251074
deaths,0.06037282241022317
goldDiff_10min,0.0565829697920311
jungleMinionsKilledDiff_10min,0.05509934930987823
assists,0.05102126047226605
wardsPlaced,0.04619211792900064
xpDiff_10min,0.04130486968577923
