{
  "results": [
    {
      "model_name": "Cypher's Edge - Random Forest",
      "accuracy": 0.7272727272727273,
      "cv_scores": [
        0.6,
        0.8,
        0.6,
        1.0,
        1.0,
        0.75,
        0.25,
        0.75,
        0.75,
        0.75
      ],
      "precision": 0.7083333333333333,
      "recall": 0.6785714285714286,
      "f1_score": 0.6857142857142857,
      "confusion_matrix": [
        [
          8,
          8
        ],
        [
          4,
          24
        ]
      ],
      "classification_report": {
        "loss": {
          "precision": 0.6666666666666666,
          "recall": 0.5,
          "f1-score": 0.5714285714285714,
          "support": 16.0
        },
        "win": {
          "precision": 0.75,
          "recall": 0.8571428571428571,
          "f1-score": 0.8,
          "support": 28.0
        }
      }
    },
    {
      "model_name": "Cypher's Edge - MLP Classifier",
      "accuracy": 0.7045454545454546,
      "cv_scores": [
        0.6,
        0.6,
        0.8,
        0.8,
        0.75,
        0.75,
        0.5,
        0.75,
        0.75,
        0.75
      ],
      "precision": 0.6793103448275861,
      "recall": 0.6741071428571428,
      "f1_score": 0.6762874929258631,
      "confusion_matrix": [
        [
          9,
          7
        ],
        [
          6,
          22
        ]
      ],
      "classification_report": {
        "loss": {
          "precision": 0.6,
          "recall": 0.5625,
          "f1-score": 0.5806451612903226,
          "support": 16.0
        },
        "win": {
          "precision": 0.7586206896551724,
          "recall": 0.7857142857142857,
          "f1-score": 0.7719298245614035,
          "support": 28.0
        }
      }
    },
    {
      "model_name": "Cypher's Edge - Naive Bayes",
      "accuracy": 0.75,
      "cv_scores": [
        0.8,
        0.6,
        0.8,
        0.6,
        1.0,
        0.75,
        0.5,
        0.75,
        0.75,
        1.0
      ],
      "precision": 0.7603174603174603,
      "recall": 0.6830357142857143,
      "f1_score": 0.6926984126984127,
      "confusion_matrix": [
        [
          7,
          9
        ],
        [
          2,
          26
        ]
      ],
      "classification_report": {
        "loss": {
          "precision": 0.7777777777777778,
          "recall": 0.4375,
          "f1-score": 0.56,
          "support": 16.0
        },
        "win": {
          "precision": 0.7428571428571429,
          "recall": 0.9285714285714286,
          "f1-score": 0.8253968253968254,
          "support": 28.0
        }
      }
    },
    {
      "model_name": "Literatura 1 - Random Forest",
      "accuracy": 0.7954545454545454,
      "cv_scores": [
        0.6,
        0.8,
        0.8,
        1.0,
        1.0,
        0.75,
        0.75,
        0.75,
        0.75,
        0.75
      ],
      "precision": 0.803030303030303,
      "recall": 0.7455357142857143,
      "f1_score": 0.7595628415300546,
      "confusion_matrix": [
        [
          9,
          7
        ],
        [
          2,
          26
        ]
      ],
      "classification_report": {
        "loss": {
          "precision": 0.8181818181818182,
          "recall": 0.5625,
          "f1-score": 0.6666666666666666,
          "support": 16.0
        },
        "win": {
          "precision": 0.7878787878787878,
          "recall": 0.9285714285714286,
          "f1-score": 0.8524590163934426,
          "support": 28.0
        }
      }
    },
    {
      "model_name": "Literatura 1 - MLP Classifier",
      "accuracy": 0.7272727272727273,
      "cv_scores": [
        0.6,
        0.8,
        0.8,
        0.8,
        1.0,
        0.75,
        0.5,
        0.5,
        0.75,
        0.75
      ],
      "precision": 0.7047619047619048,
      "recall": 0.6919642857142857,
      "f1_score": 0.6965517241379311,
      "confusion_matrix": [
        [
          9,
          7
        ],
        [
          5,
          23
        ]
      ],
      "classification_report": {
        "loss": {
          "precision": 0.6428571428571429,
          "recall": 0.5625,
          "f1-score": 0.6,
          "support": 16.0
        },
        "win": {
          "precision": 0.7666666666666667,
          "recall": 0.8214285714285714,
          "f1-score": 0.7931034482758621,
          "support": 28.0
        }
      }
    },
    {
      "model_name": "Literatura 1 - Naive Bayes",
      "accuracy": 0.75,
      "cv_scores": [
        0.8,
        0.6,
        0.8,
        0.6,
        1.0,
        0.75,
        0.5,
        0.75,
        0.75,
        1.0
      ],
      "precision": 0.7603174603174603,
      "recall": 0.6830357142857143,
      "f1_score": 0.6926984126984127,
      "confusion_matrix": [
        [
          7,
          9
        ],
        [
          2,
          26
        ]
      ],
      "classification_report": {
        "loss": {
          "precision": 0.7777777777777778,
          "recall": 0.4375,
          "f1-score": 0.56,
          "support": 16.0
        },
        "win": {
          "precision": 0.7428571428571429,
          "recall": 0.9285714285714286,
          "f1-score": 0.8253968253968254,
          "support": 28.0
        }
      }
    }
  ],
  "dataset_size": 44,
  "cv_folds": 10
}