{
  "results": [
    {
      "model_name": "Cypher's Edge - Random Forest",
      "accuracy": 0.7272727272727273,
      "cv_scores": [
        0.6,
        0.8,
        0.6,
        1.0,
        1.0,
        0.75,
        0.25,
        0.75,
        0.75,
        0.75
      ],
      "precision": 0.7083333333333333,
      "recall": 0.6785714285714286,
      "f1_score": 0.6857142857142857,
      "confusion_matrix": [
        [
          8,
          8
        ],
        [
          4,
          24
        ]
      ],
      "classification_report": {
        "loss": {
          "precision": 0.6666666666666666,
          "recall": 0.5,
          "f1-score": 0.5714285714285714,
          "support": 16.0
        },
        "win": {
          "precision": 0.75,
          "recall": 0.8571428571428571,
          "f1-score": 0.8,
          "support": 28.0
        }
      }
    },
    {
      "model_name": "Cypher's Edge - MLP Classifier",
      "accuracy": 0.7045454545454546,
      "cv_scores": [
        0.6,
        0.6,
        0.8,
        0.8,
        0.75,
        0.75,
        0.5,
        0.75,
        0.75,
        0.75
      ],
      "precision": 0.6793103448275861,
      "recall": 0.6741071428571428,
      "f1_score": 0.6762874929258631,
      "confusion_matrix": [
        [
          9,
          7
        ],
        [
          6,
          22
        ]
      ],
      "classification_report": {
        "loss": {
          "precision": 0.6,
          "recall": 0.5625,
          "f1-score": 0.5806451612903226,
          "support": 16.0
        },
        "win": {
          "precision": 0.7586206896551724,
          "recall": 0.7857142857142857,
          "f1-score": 0.7719298245614035,
          "support": 28.0
        }
      }
    },
    {
      "model_name": "Cypher's Edge - Naive Bayes",
      "accuracy": 0.75,
      "cv_scores": [
        0.8,
        0.6,
        0.8,
        0.6,
        1.0,
        0.75,
        0.5,
        0.75,
        0.75,
        1.0
      ],
      "precision": 0.7603174603174603,
      "recall": 0.6830357142857143,
      "f1_score": 0.6926984126984127,
      "confusion_matrix": [
        [
          7,
          9
        ],
        [
          2,
          26
        ]
      ],
      "classification_report": {
        "loss": {
          "precision": 0.7777777777777778,
          "recall": 0.4375,
          "f1-score": 0.56,
          "support": 16.0
        },
        "win": {
          "precision": 0.7428571428571429,
          "recall": 0.9285714285714286,
          "f1-score": 0.8253968253968254,
          "support": 28.0
        }
      }
    },
    {
      "model_name": "Literatura 1 - Random Forest",
      "accuracy": 0.7096774193548387,
      "cv_scores": [
        0.7446808510638298,
        0.6170212765957447,
        0.6808510638297872,
        0.7446808510638298,
        0.8085106382978723,
        0.717391304347826,
        0.6956521739130435,
        0.6086956521739131,
        0.8043478260869565,
        0.6739130434782609
      ],
      "precision": 0.7,
      "recall": 0.6894736842105263,
      "f1_score": 0.6924678505817514,
      "confusion_matrix": [
        [
          110,
          80
        ],
        [
          55,
          220
        ]
      ],
      "classification_report": {
        "loss": {
          "precision": 0.6666666666666666,
          "recall": 0.5789473684210527,
          "f1-score": 0.6197183098591549,
          "support": 190.0
        },
        "win": {
          "precision": 0.7333333333333333,
          "recall": 0.8,
          "f1-score": 0.7652173913043478,
          "support": 275.0
        }
      }
    },
    {
      "model_name": "Literatura 1 - MLP Classifier",
      "accuracy": 0.6645161290322581,
      "cv_scores": [
        0.7021276595744681,
        0.6170212765957447,
        0.5531914893617021,
        0.723404255319149,
        0.7446808510638298,
        0.717391304347826,
        0.6086956521739131,
        0.6739130434782609,
        0.6521739130434783,
        0.6521739130434783
      ],
      "precision": 0.6518269716149575,
      "recall": 0.649665071770335,
      "f1_score": 0.6505376344086022,
      "confusion_matrix": [
        [
          108,
          82
        ],
        [
          74,
          201
        ]
      ],
      "classification_report": {
        "loss": {
          "precision": 0.5934065934065934,
          "recall": 0.5684210526315789,
          "f1-score": 0.5806451612903226,
          "support": 190.0
        },
        "win": {
          "precision": 0.7102473498233216,
          "recall": 0.730909090909091,
          "f1-score": 0.7204301075268817,
          "support": 275.0
        }
      }
    },
    {
      "model_name": "Literatura 1 - Naive Bayes",
      "accuracy": 0.6236559139784946,
      "cv_scores": [
        0.6170212765957447,
        0.5531914893617021,
        0.6170212765957447,
        0.6595744680851063,
        0.6808510638297872,
        0.717391304347826,
        0.717391304347826,
        0.391304347826087,
        0.6739130434782609,
        0.6086956521739131
      ],
      "precision": 0.6208333333333333,
      "recall": 0.6248803827751196,
      "f1_score": 0.6192537138846649,
      "confusion_matrix": [
        [
          120,
          70
        ],
        [
          105,
          170
        ]
      ],
      "classification_report": {
        "loss": {
          "precision": 0.5333333333333333,
          "recall": 0.631578947368421,
          "f1-score": 0.5783132530120482,
          "support": 190.0
        },
        "win": {
          "precision": 0.7083333333333334,
          "recall": 0.6181818181818182,
          "f1-score": 0.6601941747572816,
          "support": 275.0
        }
      }
    }
  ],
  "dataset_size": 465,
  "cv_folds": 10
}