{
  "results": [
    {
      "model_name": "Random Forest",
      "accuracy": 0.5652173913043478,
      "precision": 0.5634920634920635,
      "recall": 0.5606060606060606,
      "f1_score": 0.5576923076923077,
      "confusion_matrix": [
        [
          8,
          4
        ],
        [
          6,
          5
        ]
      ],
      "classification_report": {
        "loss": {
          "precision": 0.5714285714285714,
          "recall": 0.6666666666666666,
          "f1-score": 0.6153846153846154,
          "support": 12.0
        },
        "win": {
          "precision": 0.5555555555555556,
          "recall": 0.45454545454545453,
          "f1-score": 0.5,
          "support": 11.0
        }
      }
    },
    {
      "model_name": "MLP Classifier",
      "accuracy": 0.6086956521739131,
      "precision": 0.6076923076923078,
      "recall": 0.606060606060606,
      "f1_score": 0.6057142857142856,
      "confusion_matrix": [
        [
          8,
          4
        ],
        [
          5,
          6
        ]
      ],
      "classification_report": {
        "loss": {
          "precision": 0.6153846153846154,
          "recall": 0.6666666666666666,
          "f1-score": 0.64,
          "support": 12.0
        },
        "win": {
          "precision": 0.6,
          "recall": 0.5454545454545454,
          "f1-score": 0.5714285714285714,
          "support": 11.0
        }
      }
    },
    {
      "model_name": "Naive Bayes",
      "accuracy": 0.4782608695652174,
      "precision": 0.4807692307692308,
      "recall": 0.4810606060606061,
      "f1_score": 0.4772727272727273,
      "confusion_matrix": [
        [
          5,
          7
        ],
        [
          5,
          6
        ]
      ],
      "classification_report": {
        "loss": {
          "precision": 0.5,
          "recall": 0.4166666666666667,
          "f1-score": 0.45454545454545453,
          "support": 12.0
        },
        "win": {
          "precision": 0.46153846153846156,
          "recall": 0.5454545454545454,
          "f1-score": 0.5,
          "support": 11.0
        }
      }
    }
  ],
  "dataset_size": 23,
  "cv_folds": 5
}